coordinates,created_at,hashtags,media,urls,favorite_count,id,in_reply_to_screen_name,in_reply_to_status_id,in_reply_to_user_id,lang,place,possibly_sensitive,retweet_count,retweet_id,retweet_screen_name,source,text,tweet_url,user_created_at,user_screen_name,user_default_profile_image,user_description,user_favourites_count,user_followers_count,user_friends_count,user_listed_count,user_location,user_name,user_screen_name,user_statuses_count,user_time_zone,user_urls,user_verified
,Tue Jan 21 22:45:27 +0000 2020,coronavirus,,,0,1219752899636613121,,,,en,,,249,1219698632217116673,AnneKPIX,"<a href=""http://twitter.com/download/android"" rel=""nofollow"">Twitter for Android</a>","RT @AnneKPIX: @CDC has activated its emergency operations center. 
They expect more US cases.
#coronavirus",https://twitter.com/Huerconetzin/status/1219752899636613121,Wed Mar 27 14:08:59 +0000 2019,Huerconetzin,false,"# ≥·µâ ∏·µà·µâÀ°‚Å±·µê·µñ·µâ ≥‚Å±·µí·µó ∑‚Å±·µó·µó·µâ ≥·µí ·∂ú·µí‚Åø·µ†·µò‚Å±À¢·µó·µÉ‚Åø·µà·µí ·µí·µó ≥·µíÀ¢ ·µó‚Å±·µê·µâ À°‚Å±‚Åø·µâÀ¢,  À¢‚Å±ÃÅ·µç·µò·µâ·µê·µâ  ∏  ≤·µò‚Åø·µó·µíÀ¢ ·µà·µâ·∂†·µâ‚Åø·µà·µâ ≥·µâ·µê·µíÀ¢ #·µó·µò‚Å±·µó·µó‚Åø·µí·∂ú ∞·µó‚Å±·µóÀ°·µÉ‚Åø.
# ∏·µí·µÉ·µñ·µí ∏·µí·µâÀ°·µñ·µÉ ≥·µí9·µê .",16927,416,2023,0,"21.047051,-86.881061",–ΩœÖ—î—èœ≤Œø-¬†–∏—îœ≤œÑœÖzŒø–ºŒ±_œÑ‚ÑìŒ±œÑŒøŒ±–∏Œπüá≤üáΩ,Huerconetzin,14587,,,false
,Tue Jan 21 22:49:17 +0000 2020,lungcancer,,,0,1219753863940648965,,,,en,,,6,1219746524470685696,OurWarOnCancer,"<a href=""http://twitter.com/download/android"" rel=""nofollow"">Twitter for Android</a>",RT @OurWarOnCancer: Where is our FEDERAL vaccination education campaign for HPV?! Where is our FEDERAL #lungcancer screening program?! (and‚Ä¶,https://twitter.com/Paxman42/status/1219753863940648965,Wed Dec 18 19:04:31 +0000 2013,Paxman42,false,"Advocacy for Affordable, Accessible, Comprehensive Healthcare for ALL Americans. Retired Physician., cancer survivor. VOTE BLUE.",23423,430,1314,4,"Washington, D.C.",Healthcare4ALL,Paxman42,25416,,,false
,Tue Jan 21 22:18:51 +0000 2020,,,,0,1219746203652456448,,,,en,,,5,1219745789632811009,ScottAnthonyUSA,"<a href=""http://twitter.com/download/iphone"" rel=""nofollow"">Twitter for iPhone</a>",RT @ScottAnthonyUSA: ‚ö†Ô∏è IT SHOULD BE NOTED that the CDC initially had an embargo placed on CDC testimony.  The TRUMP ADMINISTRATION LIFTED‚Ä¶,https://twitter.com/FREEDANON17/status/1219746203652456448,Sat Mar 03 03:29:43 +0000 2018,FREEDANON17,false,"Q-LIBERTARIAN, PRO-TRUMP, #MAGA! ‚Ä¢ #1A-#2A- WWG1WGA ‚Ä¢ SLAVES NO MORE ‚Ä¢ PATRIOTS UNITED! üá∫üá∏üá∫üá∏RESURRECT THE CONSTITUTIONüá∫üá∏ üá∫üá∏#THEGREATAWAKENING #QANON",95670,3602,2105,2,"  üå≥üá∫üá∏Tree of Liberty , USA üå≥üá∫üá∏",üá∫üá∏FREED‚Ä¢ANONüá∫üá∏,FREEDANON17,86840,,,false
,Tue Jan 21 22:47:01 +0000 2020,publichealth,,https://go.usa.gov/xph44,0,1219753292571594754,,,,en,,false,15,1219321964852142081,CDCgov,"<a href=""http://twitter.com/#!/download/ipad"" rel=""nofollow"">Twitter for iPad</a>",RT @CDCgov: PHAP gives future #publichealth professionals critical frontline experience. Apply now! https://t.co/8kzRD1IADl https://t.co/ha‚Ä¶,https://twitter.com/IAmTonyaNash/status/1219753292571594754,Tue Apr 21 06:27:31 +0000 2009,IAmTonyaNash,false,"Carolina girl living in the Peach State. Founder of the  @AutismFaithNet. Wife of 1. Mommy of 2. I tweet about #faith, #autism & #publichealth stuff.",1640,3941,5003,163,"Atlanta, GA","Tonya Nash, MPH, CHES¬Æ",IAmTonyaNash,5439,,http://tonyanash.com,false
,Tue Jan 21 22:57:19 +0000 2020,,,,0,1219755883690774529,,,,en,,,171,1219687852486942721,PMBreakingNews,"<a href=""http://twitter.com/download/android"" rel=""nofollow"">Twitter for Android</a>","RT @PMBreakingNews: Breaking: The CDC is expected to announce the first case of the new strain of coronavirus, or nCov, in Washington state‚Ä¶",https://twitter.com/_ayychris/status/1219755883690774529,Sat Jul 05 23:15:29 +0000 2014,_ayychris,false,sc:ayychris8,6122,149,132,6,"Oxnard, CA",Chris,_ayychris,14444,,,false
,Tue Jan 21 22:50:45 +0000 2020,,,,0,1219754232498266112,,,,en,,,85,1219754042068332546,Reuters,"<a href=""http://twitter.com/download/iphone"" rel=""nofollow"">Twitter for iPhone</a>",RT @Reuters: The U.S. Centers for Disease Control (CDC) confirmed it had diagnosed the first case of the newly-identified Wuhan coronavirus‚Ä¶,https://twitter.com/ParkvilleMOm/status/1219754232498266112,Wed Oct 15 20:57:08 +0000 2008,ParkvilleMOm,false,Kansas City Native. I am who I am...and that's saying a Lot!,8279,1789,1558,84,"Parkville, MO",Terri Frederick,ParkvilleMOm,17581,,,false
,Tue Jan 21 22:23:58 +0000 2020,,,https://www.theguardian.com/society/2020/jan/21/coronavirus-us-cdc-case-china-health?utm_term=Autofeed&CMP=twt_b-gdnnews&utm_medium=Social&utm_source=Twitter#Echobox=1579634333,0,1219747491265929217,,,,en,,false,17,1219743251797811201,guardiannews,"<a href=""https://mobile.twitter.com"" rel=""nofollow"">Twitter Web App</a>",RT @guardiannews: Coronavirus: health officials announce first known US case https://t.co/iEAlZy8Dwq,https://twitter.com/wQQn/status/1219747491265929217,Sun Jul 27 04:00:05 +0000 2008,wQQn,false,Information Hub.,5,2020,530,197,Japan,w : [ -Q-o-Q- ] : n,wQQn,914689,,http://twitpic.com/photos/wQQn,false
,Tue Jan 21 22:20:12 +0000 2020,,,,0,1219746544955453441,,,,en,,,74,1219725361296171009,AsapSCIENCE,"<a href=""http://twitter.com/download/android"" rel=""nofollow"">Twitter for Android</a>",RT @AsapSCIENCE: The CDC just confirmed the first American case of Wuhan coronavirus. 6 people have now died and virologists are figuring o‚Ä¶,https://twitter.com/AkhileshTekade/status/1219746544955453441,Thu Feb 11 18:02:01 +0000 2010,AkhileshTekade,false,‚ÄúSorry! I don't like to write about myself‚Äù...‚úç,49,980,371,23,Navi Mumbai ‚Üî Pune,ùòºùô†ùôùùôûùô°ùôöùô®ùôù,AkhileshTekade,90411,,,false
,Tue Jan 21 22:56:14 +0000 2020,,,,0,1219755610494861312,,,,en,,,85,1219754042068332546,Reuters,"<a href=""http://twitter.com/download/android"" rel=""nofollow"">Twitter for Android</a>",RT @Reuters: The U.S. Centers for Disease Control (CDC) confirmed it had diagnosed the first case of the newly-identified Wuhan coronavirus‚Ä¶,https://twitter.com/MaraTahnee/status/1219755610494861312,Thu Jun 21 14:30:17 +0000 2012,MaraTahnee,false,"Always remember that a smile is something sacred, to be shared.",31186,375,832,17,Italy,Mara Tahnee,MaraTahnee,39230,,,false
,Tue Jan 21 22:41:03 +0000 2020,Pregnant,,,0,1219751790654185473,,,,en,,,1,1219749116592508928,NFIDvaccines,"<a href=""https://mobile.twitter.com"" rel=""nofollow"">Twitter Web App</a>",RT @NFIDvaccines: #Pregnant? Learn tips for having a healthy pregnancy and giving your baby a healthy start in life: https://t.co/cGo5jeFNC‚Ä¶,https://twitter.com/EverThriveIL/status/1219751790654185473,Mon May 04 14:50:40 +0000 2009,EverThriveIL,false,"We work to improve the health of women, children, and families over the lifespan. 

strong partnerships
diverse voices
health equity.",6034,2285,957,129,"Chicago, IL",EverThrive Illinois,EverThriveIL,8416,,http://www.everthriveil.org,false
,Tue Jan 21 22:47:43 +0000 2020,,,,2,1219753470116421636,JohnMaaMD,1219749461108215800,119784509,en,,,3,,,"<a href=""http://twitter.com/download/iphone"" rel=""nofollow"">Twitter for iPhone</a>",@JohnMaaMD @tr1pl3six @EdwardHubert4 @ravin187 @coqundoodledoo @itsphephe @ParentsvsVape @cdc @va_shiva EVALI was a lie. Nothing to do with ecig/nicotine vaping. People should never vape oils. Might as well tie a plastic bag over your head. Cannot compare to nicotine vaping.,https://twitter.com/TroopaX/status/1219753470116421636,Tue Dec 07 17:53:30 +0000 2010,TroopaX,false,"My MadMixtress, vape, music, motorcycles, good food. Not one to suffer fake agenda, ‚Äúfor profit‚Äù Public Health shills that don‚Äôt PH, or headlines that..",20500,795,1072,0,Minneapolis,Troop Wol,TroopaX,6165,,http://www.casaa.org,false
,Tue Jan 21 22:41:38 +0000 2020,,,http://tl.gd/n_1sr4ftn,0,1219751937089949696,,,,en,,false,2,1219750319426543618,KazuyaJohnson,"<a href=""http://twitter.com/download/android"" rel=""nofollow"">Twitter for Android</a>","RT @KazuyaJohnson: For my sister

Read: https://t.co/WzmBMkIFcg",https://twitter.com/CDC_Plays/status/1219751937089949696,Fri Dec 06 06:17:48 +0000 2013,CDC_Plays,false,"dad to 3 mad lads üßíüßíüë∂üèª


 @kaitmicaelah is baeüíö 

Ghostface main üî™

(thoughts and opinions are solely mine)

   Biz Inquiries - cdcplaysttv@gmail.com",57633,307,275,5,"Newport, KY",CDC_plays üíúüíÄ,CDC_Plays,22233,,https://www.twitch.tv/cdc_plays,false
,Tue Jan 21 22:20:41 +0000 2020,,,,0,1219746664342155265,,,,en,,,956,1219706962851569665,cnnbrk,"<a href=""http://twitter.com/#!/download/ipad"" rel=""nofollow"">Twitter for iPad</a>","RT @cnnbrk: A man who lives in Snohomish County, Washington, is confirmed to have the first US case of Wuhan coronavirus https://t.co/Kmw7E‚Ä¶",https://twitter.com/kbplitt/status/1219746664342155265,Sat Aug 22 17:29:25 +0000 2009,kbplitt,true,,92075,118,198,23,,Kathryn Plitt,kbplitt,141725,,,false
,Tue Jan 21 22:27:30 +0000 2020,trumptrain1111,,,0,1219748381276307456,,,,en,,,178,1219710963617861632,trumptrain1111,"<a href=""http://twitter.com/download/android"" rel=""nofollow"">Twitter for Android</a>","RT @trumptrain1111: BEWARE!

THE CHINA VIRUS HAS LANDED IN US!

CDC Confirms First U.S. Case of Deadly China Virus
#trumptrain1111 https://‚Ä¶",https://twitter.com/pdngrfld/status/1219748381276307456,Tue Jan 24 03:13:56 +0000 2017,pdngrfld,true,,112810,1282,1183,0,,Perry C Dangerfield,pdngrfld,104223,,,false
,Tue Jan 21 22:26:56 +0000 2020,,https://twitter.com/Gizmodo/status/1219747262122942470/photo/1,http://gizmo.do/dt09Jyl,0,1219748239123062784,,,,en,,false,18,1219747262122942470,Gizmodo,"<a href=""http://twitter.com/download/iphone"" rel=""nofollow"">Twitter for iPhone</a>","RT @Gizmodo: Deadly new virus in China has reached the U.S., CDC reports https://t.co/5IskRP3UC1 https://t.co/gpO3ncSLcF",https://twitter.com/PDerek56/status/1219748239123062784,Fri May 13 03:52:46 +0000 2016,PDerek56,false,I REP EVERYTHING FLORIDA.üíØ #UNC #FSU #TEXANS #DOLPHINS #HEAT #FLORIDABOY....210 via 352 (Florida ‚û°Ô∏èTexas). UTSA,4332,88,252,2,"Texas, USA",Hollywood P,PDerek56,12435,,,false
,Tue Jan 21 22:23:27 +0000 2020,,,https://trib.al/9DQUSfy,0,1219747361473298434,,,,en,,false,128,1219693950593851394,BreitbartNews,"<a href=""http://twitter.com/download/android"" rel=""nofollow"">Twitter for Android</a>",RT @BreitbartNews: CDC Confirms First U.S. Case of Deadly China Coronavirus https://t.co/LSEVffvIAT,https://twitter.com/td21241/status/1219747361473298434,Sun May 18 16:53:52 +0000 2014,td21241,false,#MAGA,104553,5139,4686,52,USA,TD üá∫üá∏,td21241,355955,,,false
,Tue Jan 21 22:57:17 +0000 2020,,,,0,1219755875407224832,,,,en,,,217,1219689898195726338,zerohedge,"<a href=""http://twitter.com/download/iphone"" rel=""nofollow"">Twitter for iPhone</a>",RT @zerohedge: TRAVELER FROM CHINA DIAGNOSED IN SEATTLE WITH WUHAN CORONAVIRUS - CDC SPOKESMAN,https://twitter.com/AlbionsSeed/status/1219755875407224832,Fri Mar 25 20:56:53 +0000 2016,AlbionsSeed,false,WELCOME TO #HotelTwitterFornia - YOU CAN CHECK IN - BUT YOU CAN NEVER LEAVE. @JACK WON‚ÄôT ALLOW U TO DEACTIVATE YOUR ACCOUNT,27570,1903,3861,0,https://youtu.be/SjuZq-8PUw0,AlbionsSeed üá∏üá¥,AlbionsSeed,295893,,,false
,Tue Jan 21 22:56:08 +0000 2020,,,,0,1219755586272813057,,,,en,,,1283,1219684881439039490,MatthewHilk,"<a href=""http://twitter.com/download/iphone"" rel=""nofollow"">Twitter for iPhone</a>",RT @MatthewHilk: BREAKING from @CNN - CDC expected to announce first U.S. case of Wuhan Coronavirus this afternoon @cnnhealth,https://twitter.com/Norberta36/status/1219755586272813057,Sun Jun 18 21:51:46 +0000 2017,Norberta36,false,"‚ú®TruthToPower‚ú® Dark$ and CU Must Go! üî•üêâFiercely loyal to the Constitution. Unhack the Vote, Wash Your Damn Hands‚ÄºÔ∏è ‚úäüèæBLM üíôBiden2020 ‚ú®Fan Acct",352705,19106,19731,2,üåéof Mystery,"Norberta, Fiery Flyin‚Äô with Biden, Secluded Dragon",Norberta36,229391,,,false
,Tue Jan 21 22:50:56 +0000 2020,,,,0,1219754279659016198,,,,en,,,6,1219745016102506497,ajc,"<a href=""http://twitter.com/download/iphone"" rel=""nofollow"">Twitter for iPhone</a>",RT @ajc: The first U.S. case of the deadly new coronavirus has been confirmed by the CDC. The 30-year-old victim returned from Wuhan last w‚Ä¶,https://twitter.com/xhertx/status/1219754279659016198,Sat Jun 07 14:12:39 +0000 2014,xhertx,false,"News,Animalwelfare,dogs;PRO-Israel;science,environ,sociology,crime,anti-terror.Tweets DON'T always endorse/confirm.Not a biz-not extremist,fan of IRONY, watcher",246511,6798,5455,258,warnsomegraphicphotosbadnews,XiXi Davey,xhertx,369167,,http://iblocktrolls.com,false
,Tue Jan 21 22:25:22 +0000 2020,coronavirus,,,0,1219747843373772800,,,,en,,,249,1219698632217116673,AnneKPIX,"<a href=""http://twitter.com/download/iphone"" rel=""nofollow"">Twitter for iPhone</a>","RT @AnneKPIX: @CDC has activated its emergency operations center. 
They expect more US cases.
#coronavirus",https://twitter.com/German28Miranda/status/1219747843373772800,Wed Sep 14 00:52:21 +0000 2016,German28Miranda,false,,5035,1034,190,0,,GAMM,German28Miranda,5756,,,false
,Tue Jan 21 22:26:32 +0000 2020,,,,0,1219748139130769408,,,,en,,,443,1219706472797364224,eugenegu,"<a href=""http://twitter.com/download/iphone"" rel=""nofollow"">Twitter for iPhone</a>","RT @eugenegu: With the CDC confirming the first case of the Wuhan coronavirus here in the United States in Seattle, Washington, there are d‚Ä¶",https://twitter.com/kcfaul/status/1219748139130769408,Fri Aug 29 23:52:08 +0000 2008,kcfaul,false,"Former trader @cboe @cmegroup. Prev: VP Dev. @reald3d ($0-IPO), Founder @conwaygoods. outdoors, design, tech. Biophilic. Always an Oregon Duck",237238,1068,938,144,"Boulder, Seattle, LA, Oregon",kcfaul,kcfaul,69851,,http://siliconcoast.wordpress.com,false
,Tue Jan 21 22:50:29 +0000 2020,,,,0,1219754166622416896,,,,en,,,85,1219754042068332546,Reuters,"<a href=""http://twitter.com/download/android"" rel=""nofollow"">Twitter for Android</a>",RT @Reuters: The U.S. Centers for Disease Control (CDC) confirmed it had diagnosed the first case of the newly-identified Wuhan coronavirus‚Ä¶,https://twitter.com/cangia48/status/1219754166622416896,Tue Sep 04 16:41:48 +0000 2012,cangia48,false,"#ImpeachedForLife
N.E. expat.   #SwingLeftColorado #GoodTrouble
 Rarely cursed prior to 2016. #VoteBlueToSaveYourLife",309934,3089,3378,15,Inside The Loop,Candace G-G üò∑üí™üé≠,cangia48,250610,,,false
,Tue Jan 21 22:24:59 +0000 2020,,,,0,1219747749031268355,,,,en,,,49,1219734732243636227,cnni,"<a href=""http://twitter.com/download/android"" rel=""nofollow"">Twitter for Android</a>","RT @cnni: Soon, passengers from Wuhan to the US, on direct or indirect flights, will only be allowed to land at one of five US airports doi‚Ä¶",https://twitter.com/HeleneFernand16/status/1219747749031268355,Fri Nov 08 01:04:45 +0000 2019,HeleneFernand16,false,I just HAD to share that pic. of Whoopi's soy boy in black face.  another account down.‚òª‚òª,67130,522,776,0,,Pink ghost,HeleneFernand16,68648,,,false
,Tue Jan 21 22:50:48 +0000 2020,,,https://www.cdc.gov/coronavirus/2019-nCoV/summary.html,0,1219754242732449792,,,,en,,false,0,,,"<a href=""http://www.facebook.com/twitter"" rel=""nofollow"">Facebook</a>","Novel Coronavirus 2019 Situation Summary, Wuhan, China | CDC https://t.co/iBUPBzXo5j",https://twitter.com/WendyDavitto/status/1219754242732449792,Fri May 13 18:04:19 +0000 2011,WendyDavitto,false,"I will take my last breath fighting to free all the dogs trapped in the dog meat trade! #EndDogMeatTrade 
#FriendsNotFood 
#EndBoknalForever 
#EndYulinForever",11174,280,352,3,,Wonderful Lady,WendyDavitto,15523,,,false
,Tue Jan 21 22:54:22 +0000 2020,Bought,,,0,1219755143748558849,,,,en,,,14,1219753456061353987,Just4TheCause,"<a href=""https://mobile.twitter.com"" rel=""nofollow"">Twitter Web App</a>","RT @Just4TheCause: Sell a useless vaccine to #Bought officials 

Insist the only way the vaccine ‚Äúworks‚Äù is if EVERY CHILD gets it FIVE TIM‚Ä¶",https://twitter.com/LexyMarconi/status/1219755143748558849,Sat May 04 22:57:47 +0000 2019,LexyMarconi,false,"We do not consent to lockdowns or being a slave race by the wearing of masks to silence our voice! 
Go to https://t.co/oaQDxsIumN for class action against mandates!",77206,1154,1147,0,,PA 1.8M out 2.5 In 1st Lady-Elect #FightBack,LexyMarconi,81919,,,false
,Tue Jan 21 22:50:42 +0000 2020,,,,0,1219754219177201664,,,,en,,,4,1219753217808125952,elliotcwilliams,"<a href=""http://twitter.com/download/iphone"" rel=""nofollow"">Twitter for iPhone</a>",RT @elliotcwilliams: How long is it before we see news of a school or town sequestering either (a) an Asian-American student who has no con‚Ä¶,https://twitter.com/CltrotLyn/status/1219754219177201664,Sun Mar 03 22:31:33 +0000 2013,CltrotLyn,false,retired fed; old cat lady; atheist; Hillary won! usually block promoted tweets ü§∑‚Äç‚ôÄÔ∏è,326659,1649,4198,5,PA,Dems useless w/o SenateüôÑ,CltrotLyn,368378,,,false
,Tue Jan 21 22:49:34 +0000 2020,,,,0,1219753933968592897,,,,en,,,443,1219706472797364224,eugenegu,"<a href=""http://twitter.com/download/android"" rel=""nofollow"">Twitter for Android</a>","RT @eugenegu: With the CDC confirming the first case of the Wuhan coronavirus here in the United States in Seattle, Washington, there are d‚Ä¶",https://twitter.com/MambangStory/status/1219753933968592897,Wed Jun 08 19:55:52 +0000 2011,MambangStory,false,"Penggoyang Kaki ProfessionalTranslates stuff for @MMGazette",18517,1643,898,41,,mambang no bandwith fondant,MambangStory,99872,,,false
,Tue Jan 21 22:43:36 +0000 2020,coronavirus,,,0,1219752433921880064,,,,en,,,11,1219750799636484096,RobertRoyBritt,"<a href=""https://mobile.twitter.com"" rel=""nofollow"">Twitter Web App</a>","RT @RobertRoyBritt: I listened in to the CDC‚Äôs teleconference today on the #coronavirus, and while it‚Äôs one to keep an eye on, my suggestio‚Ä¶",https://twitter.com/SmithDanaG/status/1219752433921880064,Tue May 31 23:15:00 +0000 2011,SmithDanaG,false,"Senior staff writer @elemental @medium ‚Ä¢ PhD in üß†‚Ä¢ Normally covering the science of health and wellness, now all coronavirus all the time ‚Ä¢ dsmith@medium.com",26057,4708,2277,206,"Durham, NC",Dana Smith,SmithDanaG,8807,,http://danagsmith.com,true
,Tue Jan 21 22:21:59 +0000 2020,DYK flu,,,0,1219746991850258437,,,,en,,,80,1217133537381494785,CDCFlu,"<a href=""http://twitter.com/download/iphone"" rel=""nofollow"">Twitter for iPhone</a>",RT @CDCFlu: #DYK the #flu virus can spread to others up to 6 feet away? Flu viruses spread mainly by droplets made when people with flu cou‚Ä¶,https://twitter.com/CRHPC/status/1219746991850258437,Mon Aug 12 20:30:07 +0000 2013,CRHPC,false,"Our mission is ‚Äúto provide accessible, comprehensive, quality health care to all within the communities we serve‚Äù Community Health Centers in Southern Illinois.",13,58,30,3,"Illinois, USA",CRHPC,CRHPC,2147,,http://www.crhpc.org,false
,Tue Jan 21 22:56:37 +0000 2020,,,https://www.foxbusiness.com/lifestyle/coronavirus-us-case-cdc-china,0,1219755707001659393,,,,en,,false,270,1219699008509300737,darhar981,"<a href=""https://mobile.twitter.com"" rel=""nofollow"">Twitter Web App</a>","RT @darhar981: First coronavirus case confirmed in US: CDC

https://t.co/CinuPqVwab",https://twitter.com/JLRSR1/status/1219755707001659393,Tue Feb 19 18:49:30 +0000 2019,JLRSR1,true,Vietnam DV 1968-69 9th Inf. Div. Sgt.E5 Native American. Arkansas. DV total and permanent,18770,439,810,0,"Arkansas, USA",JLRSR,JLRSR1,25039,,,false
,Tue Jan 21 22:41:52 +0000 2020,,,,0,1219751997794062337,,,,en,,,37,1219715406870519808,FinnaganMarina,"<a href=""http://twitter.com/download/android"" rel=""nofollow"">Twitter for Android</a>",RT @FinnaganMarina: Here we go!! I posted a video earlier of passengers being checked for the virus. Guess they missed one! China‚Äôs always‚Ä¶,https://twitter.com/Terri55364130/status/1219751997794062337,Wed May 09 01:03:56 +0000 2018,Terri55364130,false,"Wife, Mother and MiMi #MAGA #KAG Follow Q Believe in Jesus Christ RT aren't necessarily endorsement. Info Only. Make up your own mind. No DM No Lists",889,3273,2885,1,United States,Terri,Terri55364130,139846,,,false
,Tue Jan 21 22:53:04 +0000 2020,,,https://www.latimes.com/science/story/2020-01-21/china-coronavirus-outbreak-us,0,1219754815388958720,,,,en,,false,1,1219751928722124800,yamphoto,"<a href=""http://twitter.com/#!/download/ipad"" rel=""nofollow"">Twitter for iPad</a>","RT @yamphoto: Scary: Chinese coronavirus outbreak has reached U.S. shores, CDC says https://t.co/7X9HNm1uEq",https://twitter.com/Yoymiskosas/status/1219754815388958720,Tue Aug 19 20:28:46 +0000 2014,Yoymiskosas,false,"Kinda of Weird, Monster Maker.",443535,1231,1790,82,usa,Yo yMisKosasüñ§,Yoymiskosas,223967,,,false
,Tue Jan 21 22:25:08 +0000 2020,coronavirus,,,0,1219747786071007232,,,,en,,,1224,1219725632906694663,CDCgov,"<a href=""http://twitter.com/download/android"" rel=""nofollow"">Twitter for Android</a>",RT @CDCgov: The first human infection with new #coronavirus (#2019-nCoV) has been reported in the US in a person who recently traveled to W‚Ä¶,https://twitter.com/FridaRomayHgo/status/1219747786071007232,Mon Apr 02 20:30:45 +0000 2012,FridaRomayHgo,false,|Feminista üíöüíú|Resiliente|Tesista Derecho @UNAM_MX |Salud Global y Resistencia Antimicrobiana #AMR|Bio√©tica @MovimientoCUS|Las inequidades me indignan|she/her,15121,1213,3526,0,Peque√±o Punto Azul üåé,Frida Romay Hidalgo üåª,FridaRomayHgo,12053,,,false
,Tue Jan 21 22:32:58 +0000 2020,,,https://mol.im/a/7912949,0,1219749757888925698,,,,en,,false,0,,,"<a href=""http://www.facebook.com/twitter"" rel=""nofollow"">Facebook</a>",Shirley https://t.co/m15YFwO5IU,https://twitter.com/Tootsjune/status/1219749757888925698,Tue Apr 07 12:31:18 +0000 2009,Tootsjune,false,,0,20,2,4,Alabama,Vicki Waters,Tootsjune,84453,,http://wdwd.blogspot.com,false
,Tue Jan 21 22:27:24 +0000 2020,China coronavirus,,,0,1219748355363962884,,,,en,,,36,1219704340224471041,MerlinofCanada,"<a href=""https://mobile.twitter.com"" rel=""nofollow"">Twitter Web App</a>","RT @MerlinofCanada: It's here folks
A traveller from #China has been diagnosed in Seattle with the new¬†#coronavirus, a spokesperson¬†from th‚Ä¶",https://twitter.com/DABBADO13/status/1219748355363962884,Wed Nov 06 00:01:38 +0000 2013,DABBADO13,false,need to know why,121529,356,626,2,,deb,DABBADO13,20410,,,false
,Tue Jan 21 22:49:57 +0000 2020,proveit,,,0,1219754028957085698,NoLore,1219717524595576800,156314187,en,,,0,,,"<a href=""http://twitter.com/download/android"" rel=""nofollow"">Twitter for Android</a>","@NoLore Well it's now in mainstream Asia as well as rublestooge land.

So I guess we find out quick if it's an upsell virus story 2 keep the general pop enthused by the big kids at CDC and WHO.
.I'm hoping your right

Butt I'm hedging all bets till I c a proper body count.

#proveit",https://twitter.com/Vet_Lib_canuck/status/1219754028957085698,Thu Dec 15 13:09:33 +0000 2016,Vet_Lib_canuck,false,#Veterans #inclusion #MotherNature üá®üá¶‚ù§‚öΩÔ∏èüëÄ,71320,7369,7514,9,Canada,Terence Graham,Vet_Lib_canuck,43351,,,false
,Tue Jan 21 22:31:03 +0000 2020,flu FluView,,,0,1219749275372007427,,,,en,,,170,1219681572573544449,CDCgov,"<a href=""http://twitter.com/download/android"" rel=""nofollow"">Twitter for Android</a>","RT @CDCgov: New York City, Puerto Rico and 32 states are still experiencing high levels of #flu-like-illness, the latest #FluView report fr‚Ä¶",https://twitter.com/Androphotograph/status/1219749275372007427,Fri Sep 06 13:26:00 +0000 2019,Androphotograph,false,"#AndrophilicPhotography #AndophilicArt #MalePhotography #MaleArt #PhotographyOfMen #ArtOfMen #Androphotography: Naked Men! It's Art, Damn It!",44085,267,1422,3,United States,WR Photography: Androphotography,Androphotograph,77631,,,false
,Tue Jan 21 22:20:04 +0000 2020,,,,0,1219746508955967488,,,,en,,,2289,1219690544936431616,nytimes,"<a href=""http://twitter.com/download/android"" rel=""nofollow"">Twitter for Android</a>","RT @nytimes: Breaking News: The first U.S. case of the Wuhan coronavirus has been confirmed in Washington State, federal officials said. Th‚Ä¶",https://twitter.com/morvabowman/status/1219746508955967488,Fri Nov 21 17:17:20 +0000 2008,morvabowman,false,"Filk musician, cat servant, retired professional organizer, avid traveller & reader. Cis woman, she/her.",346251,550,230,21,"Winnipeg, Manitoba",morvabowman üá®üá¶,morvabowman,66044,,,false
,Tue Jan 21 22:50:44 +0000 2020,coronavirus,,,0,1219754229394329600,,,,en,,,1224,1219725632906694663,CDCgov,"<a href=""http://twitter.com/download/iphone"" rel=""nofollow"">Twitter for iPhone</a>",RT @CDCgov: The first human infection with new #coronavirus (#2019-nCoV) has been reported in the US in a person who recently traveled to W‚Ä¶,https://twitter.com/sergiogbyrd/status/1219754229394329600,Fri Mar 04 06:47:30 +0000 2011,sergiogbyrd,false,TS 080819 üéØcerca trova,12929,12788,416,16,"Culiac√°n, Sinaloa",Nils Sj√∂berg,sergiogbyrd,42925,,http://instagram.com/sergiobyrd,false
,Tue Jan 21 22:53:56 +0000 2020,,,,0,1219755033006366722,,,,en,,,1283,1219684881439039490,MatthewHilk,"<a href=""http://twitter.com/download/iphone"" rel=""nofollow"">Twitter for iPhone</a>",RT @MatthewHilk: BREAKING from @CNN - CDC expected to announce first U.S. case of Wuhan Coronavirus this afternoon @cnnhealth,https://twitter.com/pat625t/status/1219755033006366722,Sat Apr 18 00:38:36 +0000 2009,pat625t,false,"Like inspirational stories, jokes, health info & scenery",117941,1426,2363,0,,Pat Lobo,pat625t,163582,,,false
,Tue Jan 21 22:51:44 +0000 2020,,,,0,1219754481006645253,,,,en,,,85,1219754042068332546,Reuters,"<a href=""http://twitter.com/download/iphone"" rel=""nofollow"">Twitter for iPhone</a>",RT @Reuters: The U.S. Centers for Disease Control (CDC) confirmed it had diagnosed the first case of the newly-identified Wuhan coronavirus‚Ä¶,https://twitter.com/denise_bervig/status/1219754481006645253,Sat Apr 15 21:01:52 +0000 2017,denise_bervig,false,25+ year veteran educator,126774,91,239,0,"North Dakota, USA",Denise Bervig,denise_bervig,83223,,,false
,Tue Jan 21 22:46:02 +0000 2020,,,,0,1219753046311342091,,,,en,,,2,1219621640893542400,BuyDirectUSA,"<a href=""https://mobile.twitter.com"" rel=""nofollow"">Twitter Web App</a>","RT @BuyDirectUSA: I am wondering with this new mysterious virus coming out of China, why dont we start forcing drug companies to manufactur‚Ä¶",https://twitter.com/wildwolf1313/status/1219753046311342091,Fri Oct 02 21:39:48 +0000 2009,wildwolf1313,false,,5156,88,130,1,,SAVE AMERICA,wildwolf1313,2962,,,false
,Tue Jan 21 22:54:35 +0000 2020,,,,0,1219755197645279233,,,,en,,,717,1219695755092471810,ajplus,"<a href=""http://twitter.com/download/android"" rel=""nofollow"">Twitter for Android</a>","RT @ajplus: A new virus spreading in China has been detected in Seattle, says the CDC ‚Äî making it the 1st U.S. case.

‚ñ™Ô∏è Health officials c‚Ä¶",https://twitter.com/kiazzkia/status/1219755197645279233,Mon May 27 05:39:17 +0000 2013,kiazzkia,false,Hiya/Humaa/Hunna,1479,110,187,0,,Ïñ∏Îãà,kiazzkia,2698,,,false
,Tue Jan 21 22:30:09 +0000 2020,,,,0,1219749048229355520,,,,en,,,152,1219696794067705856,B52Malmet,"<a href=""http://twitter.com/download/android"" rel=""nofollow"">Twitter for Android</a>",RT @B52Malmet: First Case Of Coronavirus In U.S. Detected In Traveler From China : Goats and Soda - yeah this morning the CDC said American‚Ä¶,https://twitter.com/tandem21/status/1219749048229355520,Fri Nov 11 03:12:17 +0000 2016,tandem21,true,,108712,345,435,6,,Tandem,tandem21,111664,,,false
,Tue Jan 21 22:54:26 +0000 2020,,,https://www.cnn.com/2020/01/21/health/wuhan-coronavirus-first-us-case-cdc-bn/index.html,0,1219755157438828545,,,,en,,false,15,1219709987099938817,maej43,"<a href=""http://twitter.com/download/android"" rel=""nofollow"">Twitter for Android</a>","RT @maej43: Oh my God. 

CDC confirms first US case of Wuhan coronavirus - CNN  https://t.co/14wDQYPl4B",https://twitter.com/m_yve/status/1219755157438828545,Tue Nov 22 01:11:35 +0000 2011,m_yve,false,"I despise clickbait as news. I'm on here to learn and to share. Also, I've never voted conservative in my life.",6,211,224,5,Toronto,dougfordisgoingtokillus,m_yve,54405,,,false
,Tue Jan 21 22:43:24 +0000 2020,,,,0,1219752383883960320,,,,en,,,152,1219696794067705856,B52Malmet,"<a href=""http://twitter.com/download/android"" rel=""nofollow"">Twitter for Android</a>",RT @B52Malmet: First Case Of Coronavirus In U.S. Detected In Traveler From China : Goats and Soda - yeah this morning the CDC said American‚Ä¶,https://twitter.com/logical_old_man/status/1219752383883960320,Tue Jul 23 16:05:15 +0000 2019,logical_old_man,false,Plant Manager with a sense of humor!,96589,178,159,0,"Johnson City, TN",Logical_old_man,logical_old_man,67975,,,false
,Tue Jan 21 22:53:43 +0000 2020,coronavirus,,,0,1219754976622215169,,,,en,,,1224,1219725632906694663,CDCgov,"<a href=""http://twitter.com/download/iphone"" rel=""nofollow"">Twitter for iPhone</a>",RT @CDCgov: The first human infection with new #coronavirus (#2019-nCoV) has been reported in the US in a person who recently traveled to W‚Ä¶,https://twitter.com/derrick_tran32/status/1219754976622215169,Fri Oct 09 23:44:35 +0000 2015,derrick_tran32,false,,6954,14,23,1,"Portland, OR",Derrick Tran,derrick_tran32,353,,,false
,Tue Jan 21 22:37:39 +0000 2020,,,,0,1219750935112704002,,,,en,,,5,1219724448120614918,BMorshediMD,"<a href=""https://mobile.twitter.com"" rel=""nofollow"">Twitter Web App</a>",RT @bbmorshedi: Great summary of how to increase awareness and protection in the setting of flu season and the novel coronavirus (2019-nCoV‚Ä¶,https://twitter.com/jzalkin/status/1219750935112704002,Mon Mar 09 03:34:51 +0000 2009,jzalkin,false,"Senior Manager (retired) in one of the worlds most progressive EMS system. Raleigh, Wake County, NC, USA, Earth #itsNotOk NC Assault Registry for Responders",16816,1203,4363,11,North Carolina,Joseph Zalkin,jzalkin,18971,,http://www.wakeems.com,false
,Tue Jan 21 22:18:58 +0000 2020,,,,0,1219746235038474243,,,,en,,,43,1219744979897192450,ABC,"<a href=""http://twitter.com/download/iphone"" rel=""nofollow"">Twitter for iPhone</a>","RT @ABC: NEW: Washington Gov. Jay Inslee gives details about first confirmed case of new coronavirus reported in U.S., praises ""rapid respo‚Ä¶",https://twitter.com/Bbarber80034741/status/1219746235038474243,Sat Nov 26 01:37:46 +0000 2016,Bbarber80034741,true,,40151,523,641,1,,Bbarber,Bbarber80034741,61416,,,false
,Tue Jan 21 22:49:18 +0000 2020,,,https://abcn.ws/2NNPZFY,0,1219753865802895361,,,,en,,false,374,1219699699520876544,ABC,"<a href=""http://twitter.com/download/android"" rel=""nofollow"">Twitter for Android</a>","RT @ABC: BREAKING: First confirmed case of the new coronavirus has been reported in Washington state, CDC says.  https://t.co/l6yHdMciBY",https://twitter.com/MyPrettyBrown/status/1219753865802895361,Sat Jun 19 00:09:27 +0000 2010,MyPrettyBrown,false,Food + Lifestyle. Recipe Enthusiast.        üåø Plant Lover. üíó1908üíö  Marathoner. Peloton. #RunDisney. Featured in Weight Watchers + B-Metro Mag.,25255,3442,2324,147,The Magic City,My Pretty Brown,MyPrettyBrown,75008,,http://myprettybrownfit.com/blog,false
